"id","code","name","depreciation_rate"
"asset_legal_rate_0000","0000","Decreto Regulamentar n.º 25/2009",100.00
"asset_legal_rate_0005","0005","Construções: Construções de tijolo, pedra ou betão",5.00
"asset_legal_rate_0010","0010","Construções: Construções de madeira com fundações de alvenaria",6.66
"asset_legal_rate_0015","0015","Estufas: De estrutura metálica ou de betão ou similares",10.00
"asset_legal_rate_0020","0020","Estufas: De estrutura de madeira",20.00
"asset_legal_rate_0025","0025","Silos",8.33
"asset_legal_rate_0030","0030","Nitreiras e fossas",5.00
"asset_legal_rate_0035","0035","Construções ligeiras (em fibrocimento, madeira, zinco, etc.)",10.00
"asset_legal_rate_0045","0045","Plantações: Oliveiras",4.00
"asset_legal_rate_0050","0050","Plantações: Vinhas",5.00
"asset_legal_rate_0055","0055","Plantações: Amendoeiras, citrinos, figueiras e nogueiras",5.00
"asset_legal_rate_0060","0060","Plantações: Amoreiras, framboesas, groselheiras e pessegueiros",14.28
"asset_legal_rate_0065","0065","Plantações: Outros pomares",10.00
"asset_legal_rate_0075","0075","Equipamentos motorizados: Tratores, ceifeiras-debulhadoras, moto-cultivadores, etc.",16.66
"asset_legal_rate_0090","0090","Equipamentos não motorizados: Arrancadora-carregadora, desbastador, ensiladora e semeador mecânico de precisão",14.28
"asset_legal_rate_0095","0095","Equipamentos não motorizados: Outros equipamentos",12.50
"asset_legal_rate_0100","0100","Equipamentos especializados: Equipamento de rega por aspersão: Barragens e rede primária",3.33
"asset_legal_rate_0105","0105","Equipamentos especializados: Equipamento de rega por aspersão: Rede secundária e canalizações enterradas",5.00
"asset_legal_rate_0110","0110","Equipamentos especializados: Equipamento de rega por aspersão: Restante equipamento",12.50
"asset_legal_rate_0115","0115","Equipamento de ordenha",12.50
"asset_legal_rate_0120","0120","Equipamento de vinificação",12.50
"asset_legal_rate_0125","0125","Melhoramentos fundiários: Subsolagens de efeito duradouro",33.33
"asset_legal_rate_0130","0130","Melhoramentos fundiários: Ripagens e correções de solos de efeito duradouro",20.00
"asset_legal_rate_0135","0135","Melhoramentos fundiários: Barragens de terra batida e charcas",5.00
"asset_legal_rate_0140","0140","Melhoramentos fundiários: Surribas profundas, trabalhos de enxugo ou drenagens, obras de defesa contra inundações, etc",14.28
"asset_legal_rate_0145","0145","Melhoramentos fundiários: Poços e furos",10.00
"asset_legal_rate_0150","0150","Melhoramentos fundiários: Cercas",10.00
"asset_legal_rate_0155","0155","Animais: De trabalho",12.50
"asset_legal_rate_0160","0160","Reprodutores: Suínos",33.33
"asset_legal_rate_0165","0165","Reprodutores: Outros",10.00
"asset_legal_rate_0170","0170","Barcos de pesca: Costeiros (traineiras e outras embarcações cuja arqueação bruta ou calado as caracterize como costeiras)",12.50
"asset_legal_rate_0175","0175","De alto mar: De ferro",7.14
"asset_legal_rate_0180","0180","De alto mar: De madeira",10.00
"asset_legal_rate_0185","0185","Navios-fábricas e navios-frigoríficos",10.00
"asset_legal_rate_0190","0190","Instalações de congelação e conservação",12.50
"asset_legal_rate_0195","0195","Aparelhos localizadores, de telefonia, de radiogoniometria e de radar",20.00
"asset_legal_rate_0200","0200","Apresto de pesca",33.33
"asset_legal_rate_0220","0220","Fornos de ustulação e fundição",20.00
"asset_legal_rate_0225","0225","Equipamento mineiro fixo: De superfície",12.50
"asset_legal_rate_0230","0230","Equipamento mineiro fixo: De subsolo",20.00
"asset_legal_rate_0235","0235","Vias férreas e respetivo material rolante",12.50
"asset_legal_rate_0240","0240","Equipamento móvel sobre rodas ou lagartas",20.00
"asset_legal_rate_0245","0245","Ferramentas e utensílios de uso específico",33.33
"asset_legal_rate_0250","0250","Fornos mecânicos, elétricos, a vapor, etc",12.50
"asset_legal_rate_0255","0255","Fornos a caruma ou a lenha",8.33
"asset_legal_rate_0260","0260","Equipamento mecânico e específico",12.50
"asset_legal_rate_0265","0265","Instalações frigoríficas e de ventilação",12.50
"asset_legal_rate_0270","0270","Silos (Tecido)",25.00
"asset_legal_rate_0275","0275","Silos",5.00
"asset_legal_rate_0280","0280","Depósitos: De cimento",6.66
"asset_legal_rate_0285","0285","Depósitos: De metal",7.14
"asset_legal_rate_0290","0290","Fornos fixos: Elétricos e de combustíveis líquidos ou gasosos",12.50
"asset_legal_rate_0295","0295","Fornos fixos: A lenha ou a carvão",8.33
"asset_legal_rate_0300","0300","Fornos móveis",14.28
"asset_legal_rate_0305","0305","Prensas",6.25
"asset_legal_rate_0310","0310","Torradores: Fixos",12.50
"asset_legal_rate_0315","0315","Torradores: Móveis",14.28
"asset_legal_rate_0320","0320","Maquinaria e instalações industriais de uso específico: De moagem, descasque e polimento de arroz e refinação de óleos vegetais",10.00
"asset_legal_rate_0325","0325","Maquinaria e instalações industriais de uso específico: Conservas de carne, cacau e gelados",14.28
"asset_legal_rate_0330","0330","Maquinaria e instalações industriais de uso específico: Outras indústrias",12.50
"asset_legal_rate_0345","0345","Instalações de captação, poços e depósitos de água",5.00
"asset_legal_rate_0350","0350","Depósitos e tanques para a preparação de misturas e armazenagem: De aço inoxidável",5.00
"asset_legal_rate_0355","0355","Depósitos e tanques para a preparação de misturas e armazenagem: De outros materiais",8.33
"asset_legal_rate_0360","0360","Maquinaria para filtragem, esterilização, engarrafamento e rotulagem: Automáticas e semiautomáticas",12.50
"asset_legal_rate_0365","0365","Maquinaria para filtragem, esterilização, engarrafamento e rotulagem: Não automáticas",10.00
"asset_legal_rate_0370","0370","Maquinaria e instalações de seleção, lavagem, trituração, prensagem e concentração de frutos: Automáticas e semiautomáticas",14.28
"asset_legal_rate_0375","0375","Maquinaria e instalações de seleção, lavagem, trituração, prensagem e concentração de frutos: Não automáticas",12.50
"asset_legal_rate_0380","0380","Instalações frigoríficas",12.50
"asset_legal_rate_0390","0390","Tanques, cubas e depósitos de fermentação, repouso e armazenagem: De madeira",7.14
"asset_legal_rate_0395","0395","Tanques, cubas e depósitos de fermentação, repouso e armazenagem: Metálicos",6.66
"asset_legal_rate_0400","0400","Tanques, cubas e depósitos de fermentação, repouso e armazenagem: De betão e similares",5.00
"asset_legal_rate_0405","0405","Caldeiras e alambiques",6.66
"asset_legal_rate_0410","0410","Maquinaria e instalações de uso específico",12.50
"asset_legal_rate_0420","0420","Câmaras de secagem de tabaco: De betão ou alvenaria",5.00
"asset_legal_rate_0425","0425","Câmaras de secagem de tabaco: Construções ligeiras",12.50
"asset_legal_rate_0430","0430","Máquinas e instalações de uso específico",12.50
"asset_legal_rate_0440","0440","Maquinaria para o fabrico de malhas",20.00
"asset_legal_rate_0445","0445","Maquinaria para o fabrico de cordas, cabos e redes",12.50
"asset_legal_rate_0450","0450","Teares para a indústria de tapeçaria",14.28
"asset_legal_rate_0455","0455","Outras máquinas e instalações de uso específico: Para uso em ambiente normal",12.50
"asset_legal_rate_0460","0460","Outras máquinas e instalações de uso específico: Para uso em ambiente corrosivo",20.00
"asset_legal_rate_0470","0470","Máquinas e instalações industriais de uso específico",12.50
"asset_legal_rate_0475","0475","Caldeiras para a produção de vapor",20.00
"asset_legal_rate_0480","0480","Moldes e formas para calçado",50.00
"asset_legal_rate_0490","0490","Instalação industriais de uso específico",12.50
"asset_legal_rate_0495","0495","Maquinaria: De serração e fabrico de móveis e alfaias de madeira",14.28
"asset_legal_rate_0500","0500","Maquinaria: Para o fabrico de folheados, contraplacados e aglomerados de partículas e fibras de madeira",12.50
"asset_legal_rate_0510","0510","Caldeiras a vapor",20.00
"asset_legal_rate_0515","0515","Autoclaves de cocção",14.28
"asset_legal_rate_0520","0520","Fornos de fogo semidirecto",12.50
"asset_legal_rate_0525","0525","Instalações de uso específico",8.33
"asset_legal_rate_0530","0530","Máquinas de uso específico",10.00
"asset_legal_rate_0540","0540","Geradores de vapor",6.66
"asset_legal_rate_0545","0545","Lixiviadores",14.28
"asset_legal_rate_0550","0550","Máquinas de uso específico para: Fabricação de pasta",10.00
"asset_legal_rate_0555","0555","Máquinas de uso específico para: Formação de folha de papel",8.33
"asset_legal_rate_0560","0560","Máquinas de uso específico para: Preparação e acabamento de papel",12.50
"asset_legal_rate_0565","0565","Máquinas de uso específico para: Transformação de papel",14.28
"asset_legal_rate_0575","0575","Máquinas de composição de jornais diários",20.00
"asset_legal_rate_0580","0580","Máquinas de impressão",14.28
"asset_legal_rate_0585","0585","Aparelhagem eletrónica para comando, reprodução, iluminação e corte",20.00
"asset_legal_rate_0590","0590","Outras máquinas e apetrechos de uso específico",12.50
"asset_legal_rate_0595","0595","Tipos e cortantes",33.33
"asset_legal_rate_0605","0605","Instalações industriais de uso específico",12.50
"asset_legal_rate_0610","0610","Máquinas de uso específico",14.28
"asset_legal_rate_0620","0620","Máquinas e instalações industriais de uso específico",14.28
"asset_legal_rate_0625","0625","Moldes e formas",33.33
"asset_legal_rate_0640","0640","Máquinas e instalações industriais de uso específico",12.50
"asset_legal_rate_0645","0645","Máquinas e instalações industriais de uso específico sujeitas a ambiente corrosivo",16.66
"asset_legal_rate_0650","0650","Oleodutos, reservatórios e instalações de distribuição",10.00
"asset_legal_rate_0655","0655","Bombas de gás (petróleo)",14.28
"asset_legal_rate_0665","0665","Instalações industriais de uso específico",10.00
"asset_legal_rate_0670","0670","Máquinas de uso específico",14.28
"asset_legal_rate_0680","0680","Material de distribuição de gases (embalagens)",12.50
"asset_legal_rate_0690","0690","Máquinas e instalações industriais de uso específico",12.50
"asset_legal_rate_0695","0695","Máquinas e instalações industriais de uso específico em ambiente corrosivo",20.00
"asset_legal_rate_0700","0700","Ferramentas e utensílios de uso específico",33.33
"asset_legal_rate_0710","0710","Máquinas e instalações industriais de uso específico",12.50
"asset_legal_rate_0715","0715","Máquinas e instalações industriais de uso específico em ambiente corrosivo",20.00
"asset_legal_rate_0720","0720","Aparelhos e utensílios de laboratório",20.00
"asset_legal_rate_0725","0725","Ferramentas e utensílios de uso específico",33.33
"asset_legal_rate_0730","0730","Máquinas e instalações industriais de uso específico",14.28
"asset_legal_rate_0735","0735","Prensas",6.25
"asset_legal_rate_0740","0740","Moldes e formas",33.33
"asset_legal_rate_0745","0745","Material de laboratório",20.00
"asset_legal_rate_0760","0760","Fornos reatores para sínteses",20.00
"asset_legal_rate_0765","0765","Fornos reatores para fusão",20.00
"asset_legal_rate_0770","0770","Instalações de eletrólise e de eletrossíntese",20.00
"asset_legal_rate_0775","0775","Instalações de fabricação de ácidos",20.00
"asset_legal_rate_0780","0780","Máquinas e outras instalações industriais de uso específico",12.50
"asset_legal_rate_0785","0785","Máquinas e outras instalações industriais de uso específico em ambiente corrosivo",16.66
"asset_legal_rate_0805","0805","Fornos e muflas intermitentes",14.28
"asset_legal_rate_0810","0810","Fornos e muflas contínuos",16.66
"asset_legal_rate_0815","0815","Máquinas e outras instalações industriais de uso específico",14.28
"asset_legal_rate_0825","0825","Moldes (gesso ou madeira)",33.33
"asset_legal_rate_0835","0835","Fornos",14.28
"asset_legal_rate_0840","0840","Máquinas e outras instalações industriais de uso específico",14.28
"asset_legal_rate_0845","0845","Ferramentas e utensílios de uso específico",33.33
"asset_legal_rate_0850","0850","Fornos",14.28
"asset_legal_rate_0855","0855","Máquinas e instalações de uso específico",12.50
"asset_legal_rate_0865","0865","Ferramentas e utensílios de uso específico",33.33
"asset_legal_rate_0875","0875","Fornos",14.28
"asset_legal_rate_0880","0880","Máquinas e instalações industriais de uso específico",14.28
"asset_legal_rate_0890","0890","Máquinas e instalações industriais de uso específico",12.50
"asset_legal_rate_0910","0910","Fornos",12.50
"asset_legal_rate_0915","0915","Máquinas e instalações industriais de uso específico",12.50
"asset_legal_rate_0930","0930","Fornos",12.50
"asset_legal_rate_0935","0935","Máquinas e outros instrumentos industriais de uso específico",14.28
"asset_legal_rate_0950","0950","Fornos",14.28
"asset_legal_rate_0955","0955","Células eletrolíticas e outras instalações para reagentes químicos",16.66
"asset_legal_rate_0960","0960","Máquinas e outras instalações industriais de uso específico",14.28
"asset_legal_rate_0965","0965","Ferramentas e utensílios de uso específico",33.33
"asset_legal_rate_0970","0970","Docas Flutuantes",8.33
"asset_legal_rate_0975","0975","Docas secas, cais e pontes-cais",5.00
"asset_legal_rate_0980","0980","Embarcações para navegação fluvial: De ferro",7.14
"asset_legal_rate_0985","0985","Embarcações para navegação fluvial: De madeira",10.00
"asset_legal_rate_0990","0990","Fornos",14.28
"asset_legal_rate_0995","0995","Outras instalações industriais de uso específico",10.00
"asset_legal_rate_1000","1000","Máquinas de uso específico",16.66
"asset_legal_rate_1010","1010","Fornos de secagem",20.00
"asset_legal_rate_1015","1015","Outros fornos e estufas",14.28
"asset_legal_rate_1020","1020","Instalações de vácuo",20.00
"asset_legal_rate_1025","1025","Células eletrolíticas e instalações para reagentes químicos",14.28
"asset_legal_rate_1030","1030","Equipamento de soldadura",20.00
"asset_legal_rate_1035","1035","Outras instalações industriais de uso específico",10.00
"asset_legal_rate_1040","1040","Prensas: De tipo ligeiro",14.28
"asset_legal_rate_1045","1045","Prensas: De tipo pesado",10.00
"asset_legal_rate_1050","1050","Máquinas de bobinar",25.00
"asset_legal_rate_1055","1055","Máquinas para corte de chapa magnética",20.00
"asset_legal_rate_1060","1060","Outras máquinas de uso específico",14.28
"asset_legal_rate_1065","1065","Moldes",33.33
"asset_legal_rate_1070","1070","Ferramentas e utensílios de uso específico",33.33
"asset_legal_rate_1075","1075","Instalações industriais de uso específico",10.00
"asset_legal_rate_1080","1080","Máquinas de uso específico",14.28
"asset_legal_rate_1085","1085","Fornos",12.50
"asset_legal_rate_1090","1090","Ferramentas e utensílios de uso específico",33.33
"asset_legal_rate_1095","1095","Instalações industriais de uso específico",10.00
"asset_legal_rate_1100","1100","Máquinas de uso específico",14.28
"asset_legal_rate_1105","1105","Ferramentas e utensílios de uso específico",33.33
"asset_legal_rate_1110","1110","Instalações industriais de uso específico",10.00
"asset_legal_rate_1115","1115","Máquinas de uso específico",20.00
"asset_legal_rate_1120","1120","Moldes",33.33
"asset_legal_rate_1125","1125","Ferramentas e utensílios de uso específico",33.33
"asset_legal_rate_1130","1130","Construções ligeiras não afetas a obras em curso",12.50
"asset_legal_rate_1135","1135","Material de desenho, de topografia e de ensaio e medida",16.66
"asset_legal_rate_1140","1140","Materiais auxiliares de construção: De madeira: Andaimes",100.00
"asset_legal_rate_1145","1145","Materiais auxiliares de construção: De madeira: Cofragem",100.00
"asset_legal_rate_1150","1150","Materiais auxiliares de construção: Metálicos: Andaimes",14.28
"asset_legal_rate_1155","1155","Materiais auxiliares de construção: Metálicos: Cofragem",25.00
"asset_legal_rate_1160","1160","Materiais auxiliares de construção: Metálicos: Diversos",20.00
"asset_legal_rate_1165","1165","Materiais auxiliares de construção: Equipamentos: De transporte geral",25.00
"asset_legal_rate_1170","1170","De oficinas: Carpintaria",16.66
"asset_legal_rate_1175","1175","De oficinas: Serralharia",14.28
"asset_legal_rate_1180","1180","Produção e distribuição de energia elétrica",14.28
"asset_legal_rate_1185","1185","Para movimentação e armazenagem de materiais",14.28
"asset_legal_rate_1190","1190","Para trabalhos de ar comprimido",25.00
"asset_legal_rate_1195","1195","Para trabalhos de escavação e terraplenagem",20.00
"asset_legal_rate_1200","1200","De sondagens e fundações",20.00
"asset_legal_rate_1205","1205","Para exploração de pedreiras, fabricação e aplicação de betões e argamassas",20.00
"asset_legal_rate_1210","1210","Para construção de estradas",20.00
"asset_legal_rate_1215","1215","Para obras hidráulicas",6.25
"asset_legal_rate_1220","1220","Ferramentas e equipamentos individuais",33.33
"asset_legal_rate_1225","1225","Obras hidráulicas fixas",3.33
"asset_legal_rate_1230","1230","Equipamentos de centrais: Hidroelétricas",6.25
"asset_legal_rate_1235","1235","Equipamentos de centrais: Termoelétricas",8.33
"asset_legal_rate_1240","1240","Subestações e postos de transformação",5.00
"asset_legal_rate_1245","1245","Linhas de AT e suportes",5.00
"asset_legal_rate_1250","1250","Linhas de BT e suportes",7.14
"asset_legal_rate_1255","1255","Aparelhos de medida e controlo",12.50
"asset_legal_rate_1265","1265","Instalações de destilação de carvões minerais",6.25
"asset_legal_rate_1270","1270","Gasómetros e depósitos para armazenagem de gás",6.25
"asset_legal_rate_1275","1275","Subestações redutoras e rede de distribuição",6.25
"asset_legal_rate_1280","1280","Máquinas e outras instalações de uso específico",12.50
"asset_legal_rate_1285","1285","Aparelhos de medida e controlo",12.50
"asset_legal_rate_1295","1295","Obras hidráulicas fixas",3.33
"asset_legal_rate_1300","1300","Comportas",5.00
"asset_legal_rate_1305","1305","Reservatórios: De torre ou de superfície",4.00
"asset_legal_rate_1310","1310","Reservatórios: Subterrâneos",2.50
"asset_legal_rate_1315","1315","Condutas",4.00
"asset_legal_rate_1320","1320","Redes de distribuição: De ferro",5.00
"asset_legal_rate_1325","1325","Redes de distribuição: De fibrocimento ou similares",6.25
"asset_legal_rate_1330","1330","Outras instalações e máquinas de uso específico",12.50
"asset_legal_rate_1335","1335","Aparelhos de medida e controlo",12.50
"asset_legal_rate_1345","1345","Túneis e obras de arte",2.00
"asset_legal_rate_1350","1350","Vias férreas",6.25
"asset_legal_rate_1355","1355","Subestações de eletricidade e postos de transformação",5.00
"asset_legal_rate_1360","1360","Linhas elétricas e respetivas instalações",5.00
"asset_legal_rate_1365","1365","Instalações de sinalização e controlo",14.28
"asset_legal_rate_1370","1370","Locomotivas",7.14
"asset_legal_rate_1375","1375","Automotoras: Ligeiras",7.14
"asset_legal_rate_1380","1380","Automotoras: Pesadas",6.25
"asset_legal_rate_1385","1385","Vagões: Cubas, cisternas e frigoríficos",6.25
"asset_legal_rate_1390","1390","Vagões: Não especificadas",5.00
"asset_legal_rate_1395","1395","Carruagens e outro material rolante",5.00
"asset_legal_rate_1400","1400","Material de carga e descarga",8.33
"asset_legal_rate_1405","1405","Outras máquinas e instalações de uso específico",12.50
"asset_legal_rate_1415","1415","Linhas elétricas e respetivas instalações",5.00
"asset_legal_rate_1420","1420","Carros elétricos",6.25
"asset_legal_rate_1425","1425","Trolley-cars",10.00
"asset_legal_rate_1430","1430","Veículos automóveis de serviço público: Pesados, para passageiros",25.00
"asset_legal_rate_1435","1435","Veículos automóveis de serviço público: Pesados e reboques, para mercadorias",25.00
"asset_legal_rate_1440","1440","Veículos automóveis de serviço público: Ligeiros e mistos",25.00
"asset_legal_rate_1445","1445","Outras instalações de uso específico",10.00
"asset_legal_rate_1455","1455","Navios de carga geral convencionais e navios mistos de passageiros e de carga",10.00
"asset_legal_rate_1460","1460","Navios de passageiros, ferries, graneleiros, porta-contentores, navios-tanques, navios-frigoríficos e outros navios especializados",12.50
"asset_legal_rate_1465","1465","Dragas, gruas flutuantes, barcaças, etc., de ferro",8.33
"asset_legal_rate_1470","1470","Fragatas, barcaças e outras embarcações de madeira",12.50
"asset_legal_rate_1475","1475","Embarcações de borracha",10.00
"asset_legal_rate_1476","1476","Embarcações de fibra de vidro",25.00
"asset_legal_rate_1480","1480","Máquinas e instalações portuárias",14.28
"asset_legal_rate_1485","1485","Outras máquinas e instalações de uso específico",12.50
"asset_legal_rate_1495","1495","Aviões: Com motores de reação",16.66
"asset_legal_rate_1500","1500","Aviões: Com motores a turbo-hélice",16.66
"asset_legal_rate_1505","1505","Aviões: Com motores convencionais",25.00
"asset_legal_rate_1510","1510","Frota terrestre",20.00
"asset_legal_rate_1515","1515","Instalações auxiliares, nos aeroportos, para carga, embarque, etc",10.00
"asset_legal_rate_1520","1520","Máquinas e instalações de oficinas de reparação e revisão",12.50
"asset_legal_rate_1530","1530","Centrais de transmissão e de receção",12.50
"asset_legal_rate_1535","1535","Redes aéreas, suportes e cabos subterrâneos",5.00
"asset_legal_rate_1540","1540","Instalações de sincronização e de controlo",14.28
"asset_legal_rate_1545","1545","Instalações de registo de rádio",20.00
"asset_legal_rate_1550","1550","Postos públicos e particulares",10.00
"asset_legal_rate_1560","1560","Decorações interiores, incluindo tapeçarias",25.00
"asset_legal_rate_1565","1565","Mobiliário",12.50
"asset_legal_rate_1570","1570","Colchoaria e cobertores",25.00
"asset_legal_rate_1575","1575","Roupas brancas e atoalhados",50.00
"asset_legal_rate_1580","1580","Louças e objetos de vidro, exceto decorativos",33.33
"asset_legal_rate_1585","1585","Talheres e utensílios de cozinha",25.00
"asset_legal_rate_1590","1590","Aparelhagem e material médico-cirúrgico de rápida evolução técnica",33.33
"asset_legal_rate_1595","1595","Outro material, aparelhos, utensílios e instalações de uso específico",14.28
"asset_legal_rate_1600","1600","Máquinas de projeção e instalação sonora",14.28
"asset_legal_rate_1605","1605","Cortinas metálicas contra incêndios",5.00
"asset_legal_rate_1610","1610","Decorações interiores, incluindo tapeçarias (f)",20.00
"asset_legal_rate_1615","1615","Aparelhagem e mobiliário de uso específico",12.50
"asset_legal_rate_1620","1620","Instalações radiofónicas",12.50
"asset_legal_rate_1625","1625","Instalações de teledifusão e televisão",16.66
"asset_legal_rate_1630","1630","Instalações de sincronização e controlo",14.28
"asset_legal_rate_1635","1635","Instalações de gravação e registo",25.00
"asset_legal_rate_1640","1640","Equipamento móvel para serviço no exterior",20.00
"asset_legal_rate_1650","1650","Decorações de interiores, incluindo tapeçarias (f)",25.00
"asset_legal_rate_1655","1655","Mobiliário (f)",12.50
"asset_legal_rate_1660","1660","Colchoaria e cobertores",20.00
"asset_legal_rate_1665","1665","Roupas brancas e atoalhados",50.00
"asset_legal_rate_1670","1670","Louças e objetos de vidro, exceto decorativos",33.33
"asset_legal_rate_1675","1675","Talheres e utensílios de cozinha",25.00
"asset_legal_rate_1680","1680","Máquinas, aparelhos, utensílios e instalações de uso específico",14.28
"asset_legal_rate_1685","1685","Maquinaria de uso específico",14.28
"asset_legal_rate_1690","1690","Instalações industriais de uso específico",10.00
"asset_legal_rate_1700","1700","Aparelhos e instrumentos para massagens, depilação, secagem e trabalhos similares",20.00
"asset_legal_rate_1705","1705","Instalações de uso específico",10.00
"asset_legal_rate_1710","1710","Roupas brancas",50.00
"asset_legal_rate_2005","2005","Edificações ligeiras (fibrocimento, madeira, zinco, etc.)",10.00
"asset_legal_rate_2010","2010","Edifícios (a): Habitacionais",2.00
"asset_legal_rate_2015","2015","Edifícios (a): Comerciais e administrativos",2.00
"asset_legal_rate_2020","2020","Edifícios (a): Industriais ou edificações integradas em conjuntos industriais",5.00
"asset_legal_rate_2025","2025","Edifícios (a): Afetos a hotéis, restaurantes e similares, a garagens e estações de serviço, a serviços de saúde e de ensino e a serviços recreativos e culturais",5.00
"asset_legal_rate_2035","2035","Fornos",10.00
"asset_legal_rate_2040","2040","Obras hidráulicas, incluindo poços de água",5.00
"asset_legal_rate_2045","2045","Obras de pavimentação de pedra, cimento, betão, etc",5.00
"asset_legal_rate_2050","2050","Pontes e aquedutos: De betão ou alvenaria",3.33
"asset_legal_rate_2055","2055","Pontes e aquedutos: De madeira",20.00
"asset_legal_rate_2060","2060","Pontes e aquedutos: Metálicos",8.33
"asset_legal_rate_2065","2065","Reservatórios de água: De torre ou de superfície",5.00
"asset_legal_rate_2070","2070","Reservatórios de água: Subterrâneos",3.33
"asset_legal_rate_2075","2075","Silos",5.00
"asset_legal_rate_2080","2080","Vedações e arranjos urbanísticos: Arranjos urbanísticos",10.00
"asset_legal_rate_2085","2085","Vedações e arranjos urbanísticos: Vedações ligeiras",8.33
"asset_legal_rate_2090","2090","Vedações e arranjos urbanísticos: Muros",5.00
"asset_legal_rate_2095","2095","De água, eletricidade, ar comprimido, refrigeração e telefónicas (instalações interiores)",10.00
"asset_legal_rate_2100","2100","De aquecimento central",6.66
"asset_legal_rate_2105","2105","Ascensores, monta-cargas e escadas mecânicas",10.00
"asset_legal_rate_2110","2110","De cabos aéreos e suportes",10.00
"asset_legal_rate_2115","2115","De caldeiras e alambiques",7.14
"asset_legal_rate_2120","2120","De captação e distribuição de água (instalações privativas)",5.00
"asset_legal_rate_2125","2125","De carga, descarga e embarque (instalações privativas)",7.14
"asset_legal_rate_2130","2130","Centrais telefónicas privativas",10.00
"asset_legal_rate_2135","2135","De distribuição de combustíveis líquidos (instalações privativas)",10.00
"asset_legal_rate_2140","2140","De embalagem",10.00
"asset_legal_rate_2145","2145","Instalações de armazenagem e de depósito: De betão",5.00
"asset_legal_rate_2150","2150","Instalações de armazenagem e de depósito: De madeira",6.66
"asset_legal_rate_2155","2155","Instalações de armazenagem e de depósito: Metálicos",8.33
"asset_legal_rate_2160","2160","De lagares e prensas",7.14
"asset_legal_rate_2165","2165","Postos de transformação",5.00
"asset_legal_rate_2170","2170","Radiofónicas, radiotelegráficas e de televisão (instalações privativas)",12.50
"asset_legal_rate_2175","2175","Refeitórios e cozinhas privativas",10.00
"asset_legal_rate_2180","2180","Reservatórios para combustíveis líquidos",6.66
"asset_legal_rate_2185","2185","Vitrinas e estantes fixas",12.50
"asset_legal_rate_2186","2186","Espaços expositivos de caráter itinerante",25.00
"asset_legal_rate_2190","2190","Instalações de centros de formação profissional",16.66
"asset_legal_rate_2195","2195","Não especificadas",10.00
"asset_legal_rate_2200","2200","Aparelhagem e máquinas eletrónicas",20.00
"asset_legal_rate_2205","2205","Aparelhagem de reprodução de som",20.00
"asset_legal_rate_2210","2210","Aparelhos de ar condicionado",12.50
"asset_legal_rate_2215","2215","Aparelhos de aquecimento (irradiadores e outros)",12.50
"asset_legal_rate_2220","2220","Aparelhos de laboratório e precisão",14.28
"asset_legal_rate_2225","2225","Aparelhos de ventilação (ventoinhas e outros)",12.50
"asset_legal_rate_2230","2230","Balanças",12.50
"asset_legal_rate_2235","2235","Compressores",25.00
"asset_legal_rate_2240","2240","Computadores",33.33
"asset_legal_rate_2245","2245","Equipamento de centros de formação profissional",16.66
"asset_legal_rate_2250","2250","Máquinas, aparelhos e ferramentas: Equipamentos de energia solar incluindo nomeadamente equipamentos de energia solar fotovoltaica, ou equipamentos de energia eólica",8.00
"asset_legal_rate_2251","2251","Máquinas, aparelhos e ferramentas: Aparelhos telemóveis",20.00
"asset_legal_rate_2255","2255","Equipamento de oficinas privativas: De carpintaria",12.50
"asset_legal_rate_2260","2260","Equipamento de oficinas privativas: De serralharia e mecânica",14.28
"asset_legal_rate_2265","2265","Ferramentas e utensílios",25.00
"asset_legal_rate_2270","2270","Guindastes",12.50
"asset_legal_rate_2275","2275","Máquinas de escrever, de calcular, de contabilidade e de fotocopiar",20.00
"asset_legal_rate_2280","2280","Máquinas-ferramentas: Ligeiras",20.00
"asset_legal_rate_2285","2285","Máquinas-ferramentas: Pesadas",12.50
"asset_legal_rate_2290","2290","Máquinas de lavagem automática de veículos",20.00
"asset_legal_rate_2295","2295","Máquinas não especificadas",12.50
"asset_legal_rate_2300","2300","Material de incêndio (extintores e outros)",25.00
"asset_legal_rate_2305","2305","Material de queima",14.28
"asset_legal_rate_2310","2310","Motores",12.50
"asset_legal_rate_2315","2315","Televisores",14.28
"asset_legal_rate_2320","2320","Aeronaves",20.00
"asset_legal_rate_2325","2325","Barcos: De ferro",7.14
"asset_legal_rate_2330","2330","Barcos: De madeira",10.00
"asset_legal_rate_2335","2335","Barcos: De borracha",12.50
"asset_legal_rate_2340","2340","Bicicletas, triciclos e motociclos",25.00
"asset_legal_rate_2345","2345","Tratores e atrelados, empilhadores e carros com caixa basculante dumpers)",16.66
"asset_legal_rate_2350","2350","Vagões",4.00
"asset_legal_rate_2355","2355","Veículos de tração animal, compreendendo animais de tiro",12.50
"asset_legal_rate_2360","2360","Vias férreas normais",4.00
"asset_legal_rate_2365","2365","Vias férreas (sistema Decauville) e respetivo material rolante",10.00
"asset_legal_rate_2370","2370","Veículos automóveis: Funerários",12.50
"asset_legal_rate_2375","2375","Veículos automóveis: Ligeiros e mistos",25.00
"asset_legal_rate_2380","2380","Veículos automóveis: Pesados de passageiros",14.28
"asset_legal_rate_2385","2385","Veículos automóveis: Pesados e reboques, de mercadorias",20.00
"asset_legal_rate_2390","2390","Veículos automóveis: Pesados e reboques de mercadorias, quando utilizados normalmente em vias que provoquem forte desgaste de material",25.00
"asset_legal_rate_2395","2395","Tanques",16.66
"asset_legal_rate_2400","2400","Artigos de conforto e decoração (b): Alcatifas",25.00
"asset_legal_rate_2405","2405","Artigos de conforto e decoração (b): Outros",12.50
"asset_legal_rate_2410","2410","Encerados",50.00
"asset_legal_rate_2415","2415","Equipamento publicitário colocado na via pública",12.50
"asset_legal_rate_2420","2420","Filmes, discos e cassettes",25.00
"asset_legal_rate_2425","2425","Material de desenho e topografia",12.50
"asset_legal_rate_2430","2430","Mobiliário (b) (c)",12.50
"asset_legal_rate_2435","2435","Moldes, matrizes, formas e cunhos",25.00
"asset_legal_rate_2440","2440","Programas de computadores",33.33
"asset_legal_rate_2445","2445","Taras e vasilhame: De madeira",20.00
"asset_legal_rate_2450","2450","Taras e vasilhame: De metal",14.28
"asset_legal_rate_2455","2455","Taras e vasilhame: De outros materiais",33.33
"asset_legal_rate_2470","2470","Projetos de desenvolvimento",33.33
